Model,Model_p1,Model_p2,Part_num
E62655,E62655_65_75,E62655_65_75,3GY17A
E67560,E62655_65_75,E62655_65_75,
E62675,E62655_65_75,E62655_65_75,
E82540,E82540_50_60,E82540_50_60,
E82550,E82540_50_60,E82540_50_60,
E82560,E82540_50_60,E82540_50_60,
E60155,E60155_65_75,E60155_65_75,
E60165,E60155_65_75,E60155_65_75,3GY10A
E60175,E60155_65_75,E60155_65_75,
E67650,E67650_60,E67650_60,
E67660,E67650_60,E67650_60,3GY32A
M601,LJM601_602_603,ljM601_602_603,
M602,LJM601_602_603,ljM601_602_603,
M603,LJM601_602_603,ljM601_602_603,
M604,LJM604_605_606,ljM604_605_606,
M605,LJM604_605_606,ljM604_605_606,
M606,LJM604_605_606,ljM604_605_606,
M607,LJM607_608_609,ljM607_608_609,
M608,LJM607_608_609,ljM607_608_609,
M609,LJM607_608_609,ljM607_608_609,
M631,LJM631_632_633,ljM631_632_633,
M632,LJM631_632_633,ljM631_632_633,
M633,LJM631_632_633,ljM631_632_633,
M634,LJM634_635_636,ljM634_635_636,
M635,LJM634_635_636,ljM634_635_636,
M636,LJM634_635_636,ljM634_635_636,
M652,CLJM652_653,cljM652_653,
M653,CLJM652_653,cljM652_653,
M681,CLJM681_682,cljM681_682,
M682,CLJM681_682,cljM681_682,
M552,cljM552_553,cljM552_553,
M553,cljM552_553,cljM552_553,
M681,cljM681_682,cljM681_682,
M682,cljM681_682,cljM681_682,
M586,PW586,pw586,
PW586,PW586,pw586,
M725,LJM725,ljM725,CF068A
E50145,E50145,E50145,1PU51A
E52645,E52645,E52645,1PS54A
M506,LJM506,ljM506,
E55040,E55040,E55040,3GX99A
E57540,E57540,E57540,3GY25A
E58650,E58650,E58650,L3U43A
M527,LJM527,ljM527,
M830,LJM830,ljM830,
M880,CLJM880,cljM880,
M855,CLJM855,cljM855,
M528,LJM528,ljM528,
M525,LJM525,ljM525,
M630,LJM630,ljM630,
M577,CLJM577,cljM577,
M776,CLJM776,cljM776,
M775,CLJM775,cljM775,CC524A
E87650,E87640_50_60,E87640_50_60,X3A73A
E55650,E55650,E55650,
M507,LJM507,ljM507,
M750,CLJM750,cljM750,
E52545,E52545,E52545,
E60055,E60055_65_75,E60055_65_75,
E60065,E60055_65_75,E60055_65_75,
E60075,E60055_65_75,E60055_65_75,
E72525,E72525_30_35,E72525_30_35,
E72530,E72525_30_35,E72525_30_35,
E72535,E72525_30_35,E72525_30_35,
E82650,E82650_60_70,E82650_60_70,
E82660,E82650_60_70,E82650_60_70,
E82670,E82650_60_70,E82650_60_70,
M680,CLJM680,cljM680,
E877,E87740_50_60_70,E87740_50_60_70,
E87740,E87740_50_60_70,E87740_50_60_70,
E87750,E87740_50_60_70,E87740_50_60_70,
E87760,E87740_50_60_70,E87740_50_60_70,
E87770,E87740_50_60_70,E87740_50_60_70,
E78625,E78625_30_35,E78625_30_35,
E78630,E78625_30_35,E78625_30_35,
E78635,E78625_30_35,E78625_30_35,
E73130,E73130_35_40,E73130_35_40,
E73135,E73130_35_40,E73130_35_40,
E73140,E73130_35_40,E73130_35_40,
